rank,stock_id,name,close,vol_ratio,daily_return_pct,ma28_bias_pct,turnover_億,rsi14,inst_consec_days,yoy_revenue_pct,foreign_today,trust_today,foreign_3d,trust_3d,is_strong_confirm,is_early_breakout,total_score,early_score,composite_score,reject_reason,early_reject_reason
1,2492,華新科,143.0,1.91,5.15,11.75,36.42,61.9,7,11.1,-241150.0,101000.0,1086657.0,109000.0,True,True,57.29,77.34,67.72,通過,通過
2,3406,玉晶光,518.0,3.29,7.69,17.27,30.77,75.4,4,14.3,460641.0,4000.0,719131.0,-2146.0,True,True,55.53,71.31,63.74,通過,通過
3,6209,今國光,62.8,2.47,3.8,16.47,9.56,65.0,1,75.6,642065.0,-16000.0,21361.0,-34000.0,True,True,33.68,79.63,57.57,通過,通過
4,3702,大聯大,96.5,1.95,-0.1,12.58,39.93,71.0,6,28.6,4426993.0,-3841000.0,13219728.0,-5172000.0,True,True,48.1,60.43,54.51,通過,通過
5,2375,凱美,85.2,2.62,-0.47,6.76,8.12,57.2,1,2.7,116200.0,0.0,-225541.0,-1360.0,True,True,17.6,80.92,50.53,通過,通過
6,5871,中租-KY,113.0,1.91,2.73,6.39,15.03,62.7,1,-2.9,2163882.0,-138411.0,646639.0,-386860.0,True,True,18.6,76.99,48.96,通過,通過
7,5269,祥碩,1190.0,1.59,5.78,1.59,15.87,53.5,1,39.9,134839.0,-270.0,1453.0,-6476.0,True,True,14.94,79.91,48.72,通過,通過
8,2495,普安,41.1,2.11,4.31,20.65,13.63,68.1,2,61.0,2221571.0,-25000.0,1133672.0,-54000.0,True,True,43.4,52.1,47.92,通過,通過
9,6531,愛普*,606.0,2.02,6.88,22.53,90.72,69.2,1,112.6,382803.0,-4736.0,-392055.0,-17338.0,True,True,43.2,47.82,45.6,通過,通過
10,1301,台塑,54.3,2.1,5.64,14.72,61.06,67.7,1,1.5,57996624.0,-644113.0,59059130.0,-645113.0,True,True,32.44,55.82,44.6,通過,通過
11,4927,泰鼎-KY,50.7,2.08,5.19,15.25,23.59,66.2,1,-10.7,5193000.0,0.0,7280762.0,0.0,True,True,32.56,51.24,42.27,通過,通過
12,3645,達邁,88.9,2.23,-1.66,15.81,32.35,66.8,1,23.8,1600800.0,0.0,359260.0,0.0,True,True,26.62,55.89,41.84,通過,通過
13,1802,台玻,68.2,1.95,7.57,19.45,197.51,65.9,1,16.4,20548430.0,0.0,8481817.0,2000.0,True,True,39.92,43.06,41.55,通過,通過
14,6937,天虹,313.0,1.52,0.16,19.26,6.94,69.9,1,26.6,21000.0,-8000.0,157040.0,128000.0,True,True,30.97,48.63,40.15,通過,通過
15,4960,誠美材,25.5,1.7,0.79,13.01,10.35,61.6,1,-23.9,1584000.0,0.0,-3427000.0,0.0,True,True,24.3,53.67,39.57,通過,通過
16,1711,永光,42.05,1.59,-1.18,18.54,32.95,63.3,1,28.2,409900.0,0.0,4123170.0,26000.0,True,True,28.87,49.11,39.39,通過,通過
17,6239,力成,217.5,1.83,-0.46,5.86,58.9,54.8,0,35.2,-2630366.0,-81185.0,-3667934.0,-1124075.0,False,True,0.0,50.66,26.34,未通過,通過
18,2059,川湖,3445.0,1.7,3.3,2.72,35.1,53.2,0,38.9,-168922.0,-2034.0,-115066.0,-66215.0,False,True,0.0,50.11,26.06,未通過,通過
19,3305,昇貿,119.5,1.53,0.42,12.66,14.76,62.8,0,72.7,-1335046.0,0.0,-154047.0,0.0,False,True,0.0,49.08,25.52,未通過,通過
20,3019,亞光,131.0,1.94,4.8,2.2,5.9,52.1,0,12.3,-76412.0,0.0,-452362.0,-1102.0,False,True,0.0,47.25,24.57,未通過,通過
21,2484,希華,34.45,2.52,-1.29,19.46,13.91,65.1,4,-4.6,1869000.0,0.0,3161000.0,0.0,True,False,47.06,0.0,22.59,通過,未通過
22,2428,興勤,185.0,1.69,4.52,14.7,8.97,67.3,1,11.3,86024.0,-1000.0,-311013.0,-1434.0,True,False,30.23,0.0,14.51,通過,未通過
23,8210,勤誠,961.0,1.72,6.78,7.73,52.76,59.2,2,44.7,240199.0,-51000.0,-352606.0,-133269.0,True,False,28.87,0.0,13.86,通過,未通過
24,1476,儒鴻,342.0,1.33,5.23,-3.84,5.57,44.0,2,5.5,-361492.0,2467.0,-599561.0,1798.0,False,False,0.0,0.0,0.0,未通過,未通過
25,1477,聚陽,216.5,0.9,0.46,-17.44,3.11,21.8,0,-9.4,-168279.0,-25187.0,-685279.0,98870.0,False,False,0.0,0.0,0.0,未通過,未通過
26,1605,華新,32.2,1.13,1.9,1.63,8.25,50.2,1,2.5,-273842.0,25724.0,1761218.0,-72339.0,False,False,0.0,0.0,0.0,未通過,未通過
27,1717,長興,81.0,0.9,0.37,25.84,90.39,72.7,1,5.4,-3862041.0,253512.0,11292396.0,-7536976.0,False,False,0.0,0.0,0.0,未通過,未通過
28,1727,中華化,58.1,0.85,-0.51,12.67,4.53,64.8,0,53.2,-602673.0,-10000.0,407327.0,-22000.0,False,False,0.0,0.0,0.0,未通過,未通過
29,2002,中鋼,20.5,1.09,1.49,5.32,10.26,61.2,8,-2.3,16654864.0,-1789973.0,63274574.0,-2066973.0,False,False,0.0,0.0,0.0,未通過,未通過
30,1519,華城,830.0,1.42,1.59,-5.17,19.67,44.2,0,3.4,-164577.0,-7325.0,-946153.0,27475.0,False,False,0.0,0.0,0.0,未通過,未通過
31,2027,大成鋼,38.45,0.97,0.39,3.24,9.78,58.8,7,25.1,3301447.0,44000.0,16125223.0,940000.0,False,False,0.0,0.0,0.0,未通過,未通過
32,2049,上銀,275.0,2.29,10.0,16.41,49.14,68.5,7,17.4,1110334.0,21000.0,3597683.0,21559.0,False,False,0.0,0.0,0.0,未通過,未通過
33,1409,新纖,17.2,0.8,0.0,8.38,1.66,66.8,2,4.8,1268020.0,-4000.0,4856120.0,-3000.0,False,False,0.0,0.0,0.0,未通過,未通過
34,1503,士電,193.5,1.18,0.52,-1.05,3.16,49.7,3,35.3,60118.0,3000.0,-104229.0,3000.0,False,False,0.0,0.0,0.0,未通過,未通過
35,1528,恩德,27.6,1.4,0.91,15.06,11.37,62.7,1,30.9,974701.0,-14000.0,1122766.0,-30000.0,False,False,0.0,0.0,0.0,未通過,未通過
36,1560,中砂,503.0,1.03,-3.08,7.19,14.35,58.5,5,31.1,416010.0,-77000.0,1085720.0,-134000.0,False,False,0.0,0.0,0.0,未通過,未通過
37,1513,中興電,151.5,1.14,0.0,-1.36,4.8,46.8,2,4.8,-129513.0,7000.0,99049.0,8351.0,False,False,0.0,0.0,0.0,未通過,未通過
38,1504,東元,61.7,1.16,2.15,-6.33,6.5,38.9,1,3.3,593262.0,-312000.0,-3664273.0,-697707.0,False,False,0.0,0.0,0.0,未通過,未通過
39,1590,亞德客-KY,1115.0,0.42,1.83,8.74,5.07,60.9,1,18.1,36453.0,-6169.0,199966.0,-33338.0,False,False,0.0,0.0,0.0,未通過,未通過
40,1582,信錦,102.5,1.16,-3.76,9.23,13.06,58.9,4,-0.1,1375900.0,269000.0,2551879.0,268436.0,False,False,0.0,0.0,0.0,未通過,未通過
41,1708,東鹼,41.3,0.64,-1.2,1.24,2.02,52.8,3,5.4,2533610.0,0.0,5519610.0,0.0,False,False,0.0,0.0,0.0,未通過,未通過
42,1319,東陽,77.1,1.54,-1.66,-8.31,3.82,28.7,0,-19.9,-1773907.0,-487525.0,-2829907.0,-1435407.0,False,False,0.0,0.0,0.0,未通過,未通過
43,1305,華夏,17.65,0.78,0.28,12.91,2.02,59.1,2,29.4,926902.0,0.0,2757955.0,0.0,False,False,0.0,0.0,0.0,未通過,未通過
44,1309,台達化,22.55,0.73,-4.04,17.84,3.78,58.8,0,-8.4,-898500.0,0.0,-3095000.0,0.0,False,False,0.0,0.0,0.0,未通過,未通過
45,1102,亞泥,35.55,1.0,0.0,2.17,3.41,56.0,1,-18.1,-3537368.0,610132.0,-10392062.0,352941.0,False,False,0.0,0.0,0.0,未通過,未通過
46,1101,台泥,25.3,0.56,0.2,4.69,6.16,60.0,0,-9.0,-7754750.0,-53000.0,-16663967.0,-221000.0,False,False,0.0,0.0,0.0,未通過,未通過
47,2344,華邦電,93.5,1.14,-0.95,-9.12,161.24,43.6,2,91.5,6074055.0,-6439271.0,2860610.0,-8174523.0,False,False,0.0,0.0,0.0,未通過,未通過
48,2337,旺宏,155.5,1.7,5.42,22.12,402.67,64.0,0,96.5,-10975779.0,-1025000.0,-47893056.0,2522000.0,False,False,0.0,0.0,0.0,未通過,未通過
49,2330,台積電,2055.0,1.12,3.27,9.69,938.91,67.1,0,45.2,-1275387.0,-4823390.0,7606444.0,-5102414.0,False,False,0.0,0.0,0.0,未通過,未通過
50,2329,華泰,59.0,1.46,0.68,9.91,21.24,59.3,2,10.1,7123951.0,-43000.0,6043285.0,-95000.0,False,False,0.0,0.0,0.0,未通過,未通過
51,2327,國巨,312.0,1.36,2.8,17.44,220.1,67.7,6,22.8,22704224.0,2030534.0,56494442.0,1768105.0,False,False,0.0,0.0,0.0,未通過,未通過
52,2345,智邦,1890.0,0.95,3.85,19.92,76.64,67.9,6,44.4,64397.0,68313.0,316557.0,360168.0,False,False,0.0,0.0,0.0,未通過,未通過
53,2351,順德,123.0,0.81,0.0,25.65,10.46,71.8,1,11.9,1105242.0,0.0,-640103.0,0.0,False,False,0.0,0.0,0.0,未通過,未通過
54,2347,聯強,82.2,0.94,0.24,7.81,4.44,65.4,1,64.7,1775179.0,-50030.0,289729.0,-735732.0,False,False,0.0,0.0,0.0,未通過,未通過
55,2357,華碩,580.0,1.08,0.35,2.94,19.96,58.4,1,33.8,-328075.0,84399.0,-755530.0,-37138.0,False,False,0.0,0.0,0.0,未通過,未通過
56,2360,致茂,1840.0,0.83,-2.13,18.0,64.66,64.5,3,63.5,-1480287.0,843970.0,-1750166.0,1226906.0,False,False,0.0,0.0,0.0,未通過,未通過
57,2368,金像電,1150.0,0.9,9.0,24.65,80.19,69.2,4,63.1,76820.0,-471783.0,1765510.0,-163996.0,False,False,0.0,0.0,0.0,未通過,未通過
58,2367,燿華,72.0,0.43,-2.7,-0.71,28.87,52.0,0,-15.2,-1133612.0,-68000.0,2380069.0,-147075.0,False,False,0.0,0.0,0.0,未通過,未通過
59,2354,鴻準,51.2,0.87,1.19,-2.65,2.49,43.1,2,-61.1,1109782.0,9000.0,17783.0,9000.0,False,False,0.0,0.0,0.0,未通過,未通過
60,2355,敬鵬,51.6,0.66,-1.9,9.67,10.71,60.3,0,5.7,-1258702.0,-19054.0,-2955394.0,-72121.0,False,False,0.0,0.0,0.0,未通過,未通過
61,2356,英業達,44.6,1.21,0.11,5.07,10.93,58.6,4,47.1,6730722.0,-1075375.0,15110717.0,135434.0,False,False,0.0,0.0,0.0,未通過,未通過
62,2353,宏碁,27.25,1.16,0.55,0.07,4.22,50.8,1,2.1,577986.0,-64988.0,-3602033.0,-1136820.0,False,False,0.0,0.0,0.0,未通過,未通過
63,2379,瑞昱,524.0,0.98,-0.19,8.22,15.29,66.0,13,4.5,1315151.0,86735.0,1996628.0,361716.0,False,False,0.0,0.0,0.0,未通過,未通過
64,2382,廣達,323.0,0.58,1.25,10.81,66.65,69.8,10,88.4,-239269.0,249690.0,25679917.0,2014291.0,False,False,0.0,0.0,0.0,未通過,未通過
65,2383,台光電,3605.0,1.18,8.42,29.84,122.71,72.4,0,56.6,-331446.0,-125399.0,-431178.0,44278.0,False,False,0.0,0.0,0.0,未通過,未通過
66,2385,群光,124.0,1.03,-0.8,0.78,3.68,54.7,1,3.9,-367688.0,426678.0,83098.0,524218.0,False,False,0.0,0.0,0.0,未通過,未通過
67,2388,威盛,56.8,1.24,2.53,11.36,4.57,61.0,1,69.4,1460945.0,-2000.0,1613005.0,-10000.0,False,False,0.0,0.0,0.0,未通過,未通過
68,2395,研華,344.0,0.9,0.44,1.51,8.34,56.1,5,21.8,849431.0,-780404.0,2233039.0,-1433724.0,False,False,0.0,0.0,0.0,未通過,未通過
69,2399,映泰,33.7,0.55,2.12,12.44,3.91,56.9,1,-21.7,1243750.0,-17000.0,-5904214.0,-37000.0,False,False,0.0,0.0,0.0,未通過,未通過
70,2402,毅嘉,72.4,2.01,7.42,36.57,49.66,77.0,5,13.5,10979745.0,1226000.0,19624708.0,1194004.0,False,False,0.0,0.0,0.0,未通過,未通過
71,2404,漢唐,915.0,1.12,-1.82,-3.26,46.24,48.6,1,100.6,-1560604.0,434000.0,-1826784.0,178094.0,False,False,0.0,0.0,0.0,未通過,未通過
72,2408,南亞科,220.0,1.5,-2.44,-4.3,369.41,47.1,2,560.0,8798111.0,-180882.0,-6274944.0,-1233198.0,False,False,0.0,0.0,0.0,未通過,未通過
73,2409,友達,19.8,1.05,10.0,23.12,106.8,69.6,1,0.6,-11411470.0,56472.0,36957062.0,54703.0,False,False,0.0,0.0,0.0,未通過,未通過
74,2412,中華電,135.0,1.35,0.37,-0.07,16.18,52.1,0,7.6,-8853.0,-1014793.0,107197.0,-153638.0,False,False,0.0,0.0,0.0,未通過,未通過
75,2369,菱生,32.05,1.06,0.63,7.67,6.01,57.1,1,33.4,1440301.0,0.0,-4632247.0,-1000.0,False,False,0.0,0.0,0.0,未通過,未通過
76,2371,大同,31.95,0.74,1.11,0.69,4.26,47.6,0,8.4,-3793549.0,-22351.0,-9256339.0,-108702.0,False,False,0.0,0.0,0.0,未通過,未通過
77,2376,技嘉,263.5,0.88,-0.19,11.81,27.44,65.8,14,74.8,462049.0,372822.0,3497603.0,1624886.0,False,False,0.0,0.0,0.0,未通過,未通過
78,2377,微星,88.9,0.87,-0.78,-3.15,4.26,44.0,0,-11.9,-1452437.0,-1000.0,-1530532.0,-77000.0,False,False,0.0,0.0,0.0,未通過,未通過
79,2426,鼎元,52.9,2.01,1.73,53.15,37.98,77.3,4,-14.1,1727000.0,0.0,3945700.0,0.0,False,False,0.0,0.0,0.0,未通過,未通過
80,2421,建準,141.5,0.75,1.07,3.42,5.54,53.6,0,22.5,-502398.0,-5000.0,-18660.0,-5687.0,False,False,0.0,0.0,0.0,未通過,未通過
81,2419,仲琦,34.35,0.38,-2.83,7.65,2.33,54.7,0,55.0,-49050.0,0.0,-4380250.0,0.0,False,False,0.0,0.0,0.0,未通過,未通過
82,2413,環科,51.6,0.74,-1.53,0.47,1.67,51.1,0,17.6,-1080554.0,-7000.0,-1137606.0,-16000.0,False,False,0.0,0.0,0.0,未通過,未通過
83,2454,聯發科,1720.0,1.27,6.17,4.79,219.56,60.0,1,12.9,439446.0,-525442.0,-1729864.0,-979578.0,False,False,0.0,0.0,0.0,未通過,未通過
84,2455,全新,280.5,0.2,-4.27,13.48,11.14,60.0,11,16.6,199923.0,550000.0,1447325.0,618734.0,False,False,0.0,0.0,0.0,未通過,未通過
85,2449,京元電子,301.0,1.41,2.03,4.81,101.31,55.6,1,36.1,-2567394.0,1197446.0,-2798617.0,-2797612.0,False,False,0.0,0.0,0.0,未通過,未通過
86,2441,超豐,90.8,1.01,-4.52,1.74,9.85,50.2,1,14.3,1149577.0,-413000.0,-623353.0,-407394.0,False,False,0.0,0.0,0.0,未通過,未通過
87,2466,冠西電,65.8,0.79,2.97,29.35,1.39,68.8,0,-47.1,-289000.0,-15000.0,-412000.0,-33000.0,False,False,0.0,0.0,0.0,未通過,未通過
88,2467,志聖,548.0,0.94,-0.18,34.54,31.22,80.8,1,77.6,141806.0,-3000.0,-469849.0,196001.0,False,False,0.0,0.0,0.0,未通過,未通過
89,2474,可成,197.5,1.25,2.6,4.9,4.99,63.7,0,-25.0,-377324.0,-71799.0,-876380.0,-630976.0,False,False,0.0,0.0,0.0,未通過,未通過
90,2472,立隆電,178.5,0.4,9.85,40.95,3.72,80.7,1,9.3,328000.0,0.0,-482181.0,-972.0,False,False,0.0,0.0,0.0,未通過,未通過
91,2476,鉅祥,105.5,1.5,3.43,23.88,12.52,74.6,0,42.0,-594712.0,0.0,1781794.0,571.0,False,False,0.0,0.0,0.0,未通過,未通過
92,2481,強茂,99.0,0.63,-1.98,3.65,18.08,53.7,1,19.1,3153505.0,-1723000.0,-2298830.0,-2299563.0,False,False,0.0,0.0,0.0,未通過,未通過
93,2458,義隆,136.5,1.02,1.49,2.74,5.55,57.7,5,19.8,2342087.0,596252.0,4312725.0,350947.0,False,False,0.0,0.0,0.0,未通過,未通過
94,2451,創見,249.5,1.09,1.84,2.27,26.45,53.1,1,380.6,-151615.0,449606.0,-2775602.0,-166481.0,False,False,0.0,0.0,0.0,未通過,未通過
95,2486,一詮,191.5,0.89,-1.29,26.82,38.29,68.8,5,20.1,-3528826.0,36000.0,2957354.0,1523000.0,False,False,0.0,0.0,0.0,未通過,未通過
96,2485,兆赫,78.3,1.76,-3.09,11.05,83.98,60.2,5,200.1,-961649.0,2000.0,2112920.0,14000.0,False,False,0.0,0.0,0.0,未通過,未通過
97,2105,正新,32.5,0.94,0.15,7.12,3.28,62.9,1,7.2,2856121.0,-26028.0,5163088.0,-241292.0,False,False,0.0,0.0,0.0,未通過,未通過
98,2233,宇隆,229.5,1.42,1.1,1.99,3.39,52.7,2,2.9,350925.0,-4000.0,174820.0,-8000.0,False,False,0.0,0.0,0.0,未通過,未通過
99,2301,光寶科,157.5,0.65,2.61,0.96,26.62,50.6,0,23.4,-13565090.0,-843348.0,-9593166.0,-805947.0,False,False,0.0,0.0,0.0,未通過,未通過
100,2303,聯電,59.7,0.62,-0.67,0.79,43.77,50.8,1,4.9,-50562008.0,20374587.0,-30216419.0,23190334.0,False,False,0.0,0.0,0.0,未通過,未通過
101,2308,台達電,1750.0,1.07,0.57,19.54,227.89,68.8,0,37.6,-247239.0,-310456.0,1387593.0,-383300.0,False,False,0.0,0.0,0.0,未通過,未通過
102,2313,華通,257.5,1.1,-7.71,9.2,278.65,55.7,0,11.1,-9650506.0,-3290000.0,5725450.0,-3221390.0,False,False,0.0,0.0,0.0,未通過,未通過
103,2316,楠梓電,118.5,0.9,4.87,17.36,12.82,62.0,4,16.5,1898450.0,0.0,7345728.0,0.0,False,False,0.0,0.0,0.0,未通過,未通過
104,2317,鴻海,207.5,1.1,3.75,1.18,121.74,52.4,1,45.6,7366274.0,-4412722.0,-2547479.0,-5353313.0,False,False,0.0,0.0,0.0,未通過,未通過
105,2324,仁寶,29.5,1.11,1.72,-2.86,10.59,48.7,2,17.0,4503478.0,-1212216.0,-2463547.0,-3027259.0,False,False,0.0,0.0,0.0,未通過,未通過
106,1326,台化,54.6,1.98,9.31,20.88,63.76,70.2,4,21.6,52424110.0,1797000.0,65582840.0,1822000.0,False,False,0.0,0.0,0.0,未通過,未通過
107,1402,遠東新,26.4,0.95,-0.19,-2.36,3.92,42.8,1,-3.3,-4185084.0,61812.0,-6669605.0,-142137.0,False,False,0.0,0.0,0.0,未通過,未通過
108,1216,統一,72.1,0.86,0.14,1.28,5.71,52.2,0,2.6,-1416529.0,-1103292.0,-4530691.0,-3101292.0,False,False,0.0,0.0,0.0,未通過,未通過
109,1303,南亞,89.0,1.26,3.85,10.66,126.67,58.8,2,18.1,28493230.0,1983919.0,17995448.0,-2016081.0,False,False,0.0,0.0,0.0,未通過,未通過
110,1304,台聚,16.25,0.63,-2.99,8.73,2.69,55.5,2,0.6,2843820.0,0.0,4773120.0,0.0,False,False,0.0,0.0,0.0,未通過,未通過
111,3008,大立光,2670.0,2.59,9.88,15.96,96.57,71.9,5,10.8,420671.0,-21218.0,924336.0,-30318.0,False,False,0.0,0.0,0.0,未通過,未通過
112,3006,晶豪科,160.5,1.16,0.63,-2.97,34.19,48.8,1,188.1,899936.0,-34000.0,-839272.0,-323000.0,False,False,0.0,0.0,0.0,未通過,未通過
113,3005,神基,98.1,0.93,-0.41,-16.01,3.67,28.0,0,-7.4,-1630621.0,-48000.0,-3632105.0,-339000.0,False,False,0.0,0.0,0.0,未通過,未通過
114,2912,統一超,227.5,0.89,1.11,2.87,3.82,57.3,1,4.9,-622470.0,2848.0,-427925.0,-535.0,False,False,0.0,0.0,0.0,未通過,未通過
115,2731,雄獅,161.5,1.2,-1.82,-2.55,2.67,45.1,0,10.9,-840891.0,-2000.0,-1837973.0,-2000.0,False,False,0.0,0.0,0.0,未通過,未通過
116,2618,長榮航,35.15,1.06,0.14,1.61,6.09,49.9,1,18.5,-1393278.0,761685.0,-5115649.0,-899905.0,False,False,0.0,0.0,0.0,未通過,未通過
117,2615,萬海,76.2,0.79,-0.39,-2.42,5.26,45.8,1,-10.7,-583135.0,18356.0,-281070.0,395.0,False,False,0.0,0.0,0.0,未通過,未通過
118,2610,華航,18.25,1.18,0.55,-1.64,6.64,41.1,1,20.0,-13029140.0,2945000.0,-41720244.0,862109.0,False,False,0.0,0.0,0.0,未通過,未通過
119,2609,陽明,50.4,1.05,-0.4,-9.39,9.61,33.5,0,-5.9,-7053387.0,-24788.0,-13171475.0,-280334.0,False,False,0.0,0.0,0.0,未通過,未通過
120,2605,新興,36.25,1.75,-9.6,-6.91,7.58,42.5,2,34.7,99166.0,0.0,260171.0,1000.0,False,False,0.0,0.0,0.0,未通過,未通過
121,2603,長榮,201.0,0.85,0.5,-2.92,15.43,46.5,0,-17.9,-2822269.0,-330392.0,-424253.0,-1076567.0,False,False,0.0,0.0,0.0,未通過,未通過
122,2498,宏達電,40.4,1.16,1.64,-1.49,2.76,46.1,0,-8.3,-51049.0,-5000.0,-958199.0,-16000.0,False,False,0.0,0.0,0.0,未通過,未通過
123,2493,揚博,139.0,1.89,6.51,26.09,11.06,71.0,1,-6.2,856100.0,-11000.0,880983.0,-24000.0,False,False,0.0,0.0,0.0,未通過,未通過
124,2489,瑞軒,45.7,0.8,-4.19,19.23,42.69,63.8,0,11.2,-13777054.0,0.0,-18172954.0,7199000.0,False,False,0.0,0.0,0.0,未通過,未通過
125,3036,文曄,227.5,1.44,-0.22,-0.87,18.95,54.7,4,118.9,1123221.0,-831569.0,4253000.0,-3993939.0,False,False,0.0,0.0,0.0,未通過,未通過
126,3010,華立,135.0,1.18,-0.74,6.72,3.1,61.4,5,23.7,485055.0,-2501.0,1270054.0,-17588.0,False,False,0.0,0.0,0.0,未通過,未通過
127,3090,日電貿,106.5,1.4,2.9,12.68,11.61,66.1,4,34.1,708057.0,-24455.0,4415957.0,-55248.0,False,False,0.0,0.0,0.0,未通過,未通過
128,3062,建漢,31.45,0.66,-1.26,17.84,5.75,62.5,1,30.9,951216.0,0.0,-2415834.0,1000.0,False,False,0.0,0.0,0.0,未通過,未通過
129,3138,耀登,176.5,0.62,-0.84,-1.03,4.42,49.9,1,32.1,499365.0,0.0,-92143.0,0.0,False,False,0.0,0.0,0.0,未通過,未通過
130,3167,大量,672.0,0.71,9.45,69.72,6.21,80.9,0,146.8,-85717.0,-92000.0,-74750.0,-93000.0,False,False,0.0,0.0,0.0,未通過,未通過
131,3231,緯創,136.5,1.04,1.49,5.39,53.25,59.7,4,117.7,5206219.0,-1286659.0,30469795.0,-1641822.0,False,False,0.0,0.0,0.0,未通過,未通過
132,3189,景碩,371.0,0.92,1.23,10.24,99.04,58.6,1,25.1,911061.0,-508084.0,-4525056.0,-1632243.0,False,False,0.0,0.0,0.0,未通過,未通過
133,3376,新日興,198.5,0.97,0.25,-3.1,10.73,46.1,1,-9.6,-2333471.0,1000.0,-1899222.0,718.0,False,False,0.0,0.0,0.0,未通過,未通過
134,3380,明泰,38.2,0.41,-2.3,5.16,2.42,55.0,0,50.5,-940047.0,0.0,-4156128.0,1000.0,False,False,0.0,0.0,0.0,未通過,未通過
135,3413,京鼎,322.0,1.24,1.42,5.78,11.5,60.8,5,26.8,615038.0,132000.0,2467068.0,-320000.0,False,False,0.0,0.0,0.0,未通過,未通過
136,3037,欣興,597.0,0.3,-4.63,15.6,64.87,60.9,2,23.3,-30543128.0,31395000.0,-27514373.0,31841112.0,False,False,0.0,0.0,0.0,未通過,未通過
137,3042,晶技,133.5,2.04,3.09,38.36,68.69,88.3,0,2.7,-248050.0,0.0,-388050.0,-1529.0,False,False,0.0,0.0,0.0,未通過,未通過
138,3044,健鼎,381.5,0.95,2.14,5.43,15.0,57.7,0,24.4,-447637.0,-132921.0,713334.0,-281598.0,False,False,0.0,0.0,0.0,未通過,未通過
139,3028,增你強,64.1,1.22,7.19,18.98,6.04,69.9,5,125.2,173408.0,0.0,1694308.0,0.0,False,False,0.0,0.0,0.0,未通過,未通過
140,3030,德律,303.0,0.68,-2.42,16.44,23.39,67.9,0,14.7,-2087863.0,-18000.0,-3520368.0,-39777.0,False,False,0.0,0.0,0.0,未通過,未通過
141,3017,奇鋐,2310.0,1.02,5.0,15.27,87.12,64.1,1,111.7,-918145.0,9587.0,-845064.0,-40791.0,False,False,0.0,0.0,0.0,未通過,未通過
142,3026,禾伸堂,229.5,1.29,7.75,68.75,51.01,87.6,0,0.1,-961800.0,-2000.0,-1017645.0,-5329.0,False,False,0.0,0.0,0.0,未通過,未通過
143,3535,晶彩科,129.5,0.54,-0.77,5.01,9.48,58.1,0,-9.3,-2154161.0,0.0,-3719252.0,0.0,False,False,0.0,0.0,0.0,未通過,未通過
144,3533,嘉澤,2225.0,0.67,-1.11,13.55,17.77,61.0,9,23.4,128186.0,-198103.0,402020.0,-140207.0,False,False,0.0,0.0,0.0,未通過,未通過
145,3532,台勝科,179.0,1.78,-1.65,29.56,18.92,69.9,2,15.8,888987.0,0.0,1449467.0,617000.0,False,False,0.0,0.0,0.0,未通過,未通過
146,3515,華擎,221.5,1.21,0.0,3.6,2.16,55.3,0,55.1,-45043.0,0.0,957.0,-131413.0,False,False,0.0,0.0,0.0,未通過,未通過
147,3653,健策,4000.0,0.66,-1.11,7.31,34.53,57.7,1,18.9,-71166.0,10708.0,-140399.0,-132336.0,False,False,0.0,0.0,0.0,未通過,未通過
148,3661,世芯-KY,3200.0,1.12,3.56,4.39,70.58,55.3,2,-46.6,283271.0,-8058.0,407429.0,-31093.0,False,False,0.0,0.0,0.0,未通過,未通過
149,3576,聯合再生,15.4,0.73,-9.94,-30.01,3.2,34.8,2,-41.4,4448375.0,0.0,10049840.0,0.0,False,False,0.0,0.0,0.0,未通過,未通過
150,3563,牧德,910.0,0.84,0.11,22.39,24.65,71.6,1,11.1,-252056.0,56000.0,-593327.0,-40000.0,False,False,0.0,0.0,0.0,未通過,未通過
151,3673,TPK-KY,60.5,0.66,10.0,36.14,5.68,79.6,1,23.6,1974212.0,0.0,-563103.0,0.0,False,False,0.0,0.0,0.0,未通過,未通過
152,3704,合勤控,36.1,0.87,-1.5,8.99,1.33,62.1,1,25.1,2439000.0,-1000.0,1626000.0,0.0,False,False,0.0,0.0,0.0,未通過,未通過
153,3706,神達,82.4,0.82,0.0,3.01,9.5,56.5,1,43.2,-1517447.0,12000.0,7002383.0,8219.0,False,False,0.0,0.0,0.0,未通過,未通過
154,3711,日月光投控,424.0,0.87,1.56,19.67,81.66,69.7,0,14.6,-572069.0,-201235.0,421204.0,-1024555.0,False,False,0.0,0.0,0.0,未通過,未通過
155,3714,富采,62.9,0.17,9.97,33.17,5.04,69.2,3,-6.5,8598251.0,7000.0,3928336.0,32000.0,False,False,0.0,0.0,0.0,未通過,未通過
156,3715,定穎投控,186.5,0.69,0.0,8.61,34.44,56.5,0,41.9,-1095127.0,-98000.0,-7367286.0,-251423.0,False,False,0.0,0.0,0.0,未通過,未通過
157,3665,貿聯-KY,2295.0,1.08,3.15,25.89,68.51,75.9,1,22.2,-160040.0,127523.0,-79840.0,177638.0,False,False,0.0,0.0,0.0,未通過,未通過
158,3583,辛耘,683.0,0.33,-2.71,48.06,11.62,81.2,5,6.1,-118591.0,41000.0,3574419.0,488693.0,False,False,0.0,0.0,0.0,未通過,未通過
159,4569,六方科-KY,176.0,0.69,-2.76,19.92,0.82,68.2,0,9.5,-157000.0,0.0,-129000.0,0.0,False,False,0.0,0.0,0.0,未通過,未通過
160,4566,時碩工業,72.6,1.41,1.97,23.02,4.35,72.2,0,12.6,-1158000.0,0.0,-75060.0,0.0,False,False,0.0,0.0,0.0,未通過,未通過
161,4764,雙鍵,187.5,0.26,9.97,32.09,2.34,72.2,4,50.3,622088.0,-3000.0,1145088.0,-7000.0,False,False,0.0,0.0,0.0,未通過,未通過
162,4576,大銀微系統,192.5,1.98,6.06,45.28,34.07,84.7,4,49.5,443188.0,0.0,2472061.0,0.0,False,False,0.0,0.0,0.0,未通過,未通過
163,4766,南寶,357.0,0.93,0.99,9.57,5.45,62.1,0,17.4,-14878.0,-47000.0,100416.0,-48000.0,False,False,0.0,0.0,0.0,未通過,未通過
164,4904,遠傳,94.3,1.4,0.0,1.48,8.0,55.4,5,3.6,314456.0,-781996.0,3666154.0,-1107722.0,False,False,0.0,0.0,0.0,未通過,未通過
165,4906,正文,39.3,0.72,-3.2,18.69,18.23,62.7,0,-39.8,-1902940.0,-17080.0,-12743805.0,-44849.0,False,False,0.0,0.0,0.0,未通過,未通過
166,4739,康普,88.9,1.13,0.45,12.09,4.43,64.5,1,103.6,510450.0,-4000.0,517449.0,-17000.0,False,False,0.0,0.0,0.0,未通過,未通過
167,4919,新唐,110.5,2.53,9.95,20.96,50.24,65.8,0,-6.1,-141703.0,0.0,-1407880.0,-7000.0,False,False,0.0,0.0,0.0,未通過,未通過
168,3443,創意,3050.0,1.25,9.91,24.74,122.57,69.4,4,33.5,47816.0,64033.0,334641.0,165115.0,False,False,0.0,0.0,0.0,未通過,未通過
169,3450,聯鈞,314.5,0.97,1.62,14.36,75.31,63.7,3,-25.6,817098.0,0.0,12183569.0,-537.0,False,False,0.0,0.0,0.0,未通過,未通過
170,3481,群創,27.25,1.06,3.61,2.71,112.16,56.1,1,33.1,22008441.0,-1549553.0,-85363695.0,-3120210.0,False,False,0.0,0.0,0.0,未通過,未通過
171,3045,台灣大,110.0,1.02,0.0,1.18,7.77,62.8,19,5.8,4150817.0,-602595.0,10939316.0,692278.0,False,False,0.0,0.0,0.0,未通過,未通過
172,3048,益登,39.0,1.12,-1.14,4.63,2.11,55.7,0,26.7,-3370750.0,0.0,-2990615.0,0.0,False,False,0.0,0.0,0.0,未通過,未通過
173,3031,佰鴻,31.1,1.58,-0.16,35.91,8.02,78.2,0,22.7,-1227000.0,0.0,-759000.0,0.0,False,False,0.0,0.0,0.0,未通過,未通過
174,3034,聯詠,398.5,1.03,1.01,3.63,10.81,57.1,0,-9.6,-209414.0,-28353.0,248428.0,-192560.0,False,False,0.0,0.0,0.0,未通過,未通過
175,4989,榮科,89.4,0.48,9.96,28.33,18.25,75.0,0,54.0,-99523.0,0.0,11453213.0,0.0,False,False,0.0,0.0,0.0,未通過,未通過
176,4977,眾達-KY,188.5,0.79,-3.08,3.58,18.27,53.9,0,-19.4,-2061715.0,0.0,345182.0,0.0,False,False,0.0,0.0,0.0,未通過,未通過
177,4967,十銓,221.0,1.17,0.68,1.63,22.15,50.8,1,120.5,150746.0,-9000.0,-2393567.0,-19000.0,False,False,0.0,0.0,0.0,未通過,未通過
178,4958,臻鼎-KY,251.5,0.81,-2.33,20.44,68.64,64.0,13,7.2,-7738113.0,276934.0,-14205815.0,1618687.0,False,False,0.0,0.0,0.0,未通過,未通過
179,4949,有成精密,92.3,1.71,-0.86,40.21,13.25,76.4,0,42.2,-299000.0,0.0,804964.0,0.0,False,False,0.0,0.0,0.0,未通過,未通過
180,4956,光鋐,41.8,1.7,10.0,30.01,10.68,73.4,1,12.6,1828001.0,0.0,432890.0,0.0,False,False,0.0,0.0,0.0,未通過,未通過
181,4938,和碩,78.5,0.88,0.64,2.89,7.51,55.3,0,-0.8,-7208086.0,-228767.0,-5412429.0,-1018367.0,False,False,0.0,0.0,0.0,未通過,未通過
182,5284,jpp-KY,305.5,0.76,-2.86,9.85,6.56,60.2,2,47.5,320000.0,0.0,1122990.0,0.0,False,False,0.0,0.0,0.0,未通過,未通過
183,5469,瀚宇博,92.4,1.4,5.0,8.26,6.46,59.5,0,47.4,-2097157.0,-1000.0,-1260057.0,-766.0,False,False,0.0,0.0,0.0,未通過,未通過
184,6005,群益證,27.95,1.43,-1.06,-1.12,4.93,47.4,1,53.3,-5428840.0,959630.0,-9186840.0,487253.0,False,False,0.0,0.0,0.0,未通過,未通過
185,6176,瑞儀,88.5,0.97,-1.56,-5.92,3.49,30.1,1,-3.7,52080.0,-13272.0,-2668820.0,-168025.0,False,False,0.0,0.0,0.0,未通過,未通過
186,6139,亞翔,635.0,0.8,4.1,12.55,38.59,60.9,0,47.5,-954144.0,-1559000.0,1454578.0,-1589051.0,False,False,0.0,0.0,0.0,未通過,未通過
187,6191,精成科,104.5,1.5,9.54,9.56,14.69,59.0,0,78.2,-2440543.0,-1533000.0,-2246374.0,-2479000.0,False,False,0.0,0.0,0.0,未通過,未通過
188,5388,中磊,81.7,0.69,-3.08,3.63,6.75,53.6,3,86.5,521055.0,186000.0,4275845.0,187000.0,False,False,0.0,0.0,0.0,未通過,未通過
189,5434,崇越,401.0,0.88,0.38,19.39,5.76,74.3,4,30.6,367585.0,17651.0,1554653.0,10302.0,False,False,0.0,0.0,0.0,未通過,未通過
190,5243,乙盛-KY,127.0,0.52,7.17,52.6,3.89,86.7,0,-3.2,-85564.0,-1000.0,4348792.0,-1000.0,False,False,0.0,0.0,0.0,未通過,未通過
191,6213,聯茂,224.0,0.85,9.8,44.1,66.8,74.9,0,13.8,-403425.0,-34000.0,-2405089.0,18518.0,False,False,0.0,0.0,0.0,未通過,未通過
192,6224,聚鼎,52.6,0.98,9.93,26.89,0.98,80.2,0,1.9,-1035251.0,0.0,-901251.0,0.0,False,False,0.0,0.0,0.0,未通過,未通過
193,6257,矽格,182.0,0.92,1.39,27.03,36.74,77.2,0,16.7,-116432.0,-37123.0,-70307.0,754.0,False,False,0.0,0.0,0.0,未通過,未通過
194,6271,同欣電,176.0,0.84,2.33,13.52,13.94,64.7,4,-4.6,290685.0,0.0,926045.0,0.0,False,False,0.0,0.0,0.0,未通過,未通過
195,6278,台表科,125.0,3.34,9.65,26.26,40.19,82.7,0,-2.6,-227000.0,-9852.0,-747000.0,-47907.0,False,False,0.0,0.0,0.0,未通過,未通過
196,6282,康舒,50.4,1.81,9.8,7.78,15.24,57.5,0,17.3,-170608.0,-82000.0,97412.0,-202000.0,False,False,0.0,0.0,0.0,未通過,未通過
197,6285,啟碁,224.0,1.22,-9.68,23.33,139.04,63.2,0,3.8,-225280.0,-17000.0,-2197517.0,4642709.0,False,False,0.0,0.0,0.0,未通過,未通過
198,6409,旭隼,729.0,1.04,1.67,-4.91,6.12,41.5,2,-22.0,-11654.0,90.0,-249833.0,-1708.0,False,False,0.0,0.0,0.0,未通過,未通過
199,6414,樺漢,294.0,1.5,2.26,7.57,6.69,65.0,3,19.2,700603.0,121000.0,571077.0,126000.0,False,False,0.0,0.0,0.0,未通過,未通過
200,6415,矽力*-KY,269.5,1.18,-1.28,-1.85,15.79,46.5,0,12.0,-978193.0,-99000.0,-3355738.0,-549000.0,False,False,0.0,0.0,0.0,未通過,未通過
201,6426,統新,199.0,1.19,-8.08,26.26,11.98,62.1,2,70.0,229550.0,0.0,980905.0,0.0,False,False,0.0,0.0,0.0,未通過,未通過
202,6438,迅得,180.0,0.61,-0.55,9.58,5.09,63.0,2,15.7,179534.0,109000.0,-171300.0,109000.0,False,False,0.0,0.0,0.0,未通過,未通過
203,6442,光聖,2075.0,1.17,-6.95,5.67,90.96,52.6,0,75.6,-586333.0,-40000.0,-229897.0,-249000.0,False,False,0.0,0.0,0.0,未通過,未通過
204,6196,帆宣,331.0,0.7,3.28,14.87,9.13,66.2,8,17.5,586614.0,-11000.0,2025991.0,-27106.0,False,False,0.0,0.0,0.0,未通過,未通過
205,6197,佳必琪,179.5,0.84,0.0,4.85,5.89,57.6,0,12.3,-232421.0,-160000.0,-1087421.0,-160000.0,False,False,0.0,0.0,0.0,未通過,未通過
206,5234,達興材料,402.5,0.66,0.63,6.53,3.04,59.1,0,5.5,-4986.0,-99000.0,195639.0,-202138.0,False,False,0.0,0.0,0.0,未通過,未通過
207,6451,訊芯-KY,476.0,1.56,0.21,64.35,54.63,80.1,0,-25.4,-814531.0,0.0,-1350709.0,81000.0,False,False,0.0,0.0,0.0,未通過,未通過
208,6449,鈺邦,172.5,1.27,2.68,8.83,2.2,60.1,5,15.0,73000.0,0.0,139000.0,-180.0,False,False,0.0,0.0,0.0,未通過,未通過
209,6443,元晶,37.0,0.4,2.64,-17.76,4.46,37.8,2,-63.7,459966.0,0.0,5214476.0,0.0,False,False,0.0,0.0,0.0,未通過,未通過
210,6515,穎崴,8470.0,1.26,-1.05,21.11,31.56,66.8,1,69.2,-16659.0,134885.0,-37930.0,119470.0,False,False,0.0,0.0,0.0,未通過,未通過
211,6669,緯穎,3755.0,1.35,3.02,0.12,80.21,53.7,0,13.9,-53290.0,-12887.0,-160252.0,-43189.0,False,False,0.0,0.0,0.0,未通過,未通過
212,6672,騰輝電子-KY,151.0,0.73,1.68,27.22,8.1,73.1,0,32.7,-1135600.0,0.0,-710732.0,0.0,False,False,0.0,0.0,0.0,未通過,未通過
213,6691,洋基工程,634.0,0.84,1.6,4.59,4.35,58.9,0,112.7,-12779.0,-17000.0,480669.0,-35893.0,False,False,0.0,0.0,0.0,未通過,未通過
214,6505,台塑化,56.2,1.28,2.0,-1.24,13.86,52.4,2,7.8,6852755.0,-551845.0,3119556.0,-938845.0,False,False,0.0,0.0,0.0,未通過,未通過
215,6706,惠特,139.5,1.11,-1.41,12.96,15.18,60.5,4,-59.6,1216570.0,0.0,3222797.0,-505.0,False,False,0.0,0.0,0.0,未通過,未通過
216,6715,嘉基,391.0,0.77,-6.01,23.93,8.37,63.1,6,9.6,-591259.0,663000.0,-723713.0,945862.0,False,False,0.0,0.0,0.0,未通過,未通過
217,6781,AES-KY,976.0,0.9,-1.11,-4.18,10.31,42.1,1,25.6,100707.0,-14000.0,-328594.0,-176125.0,False,False,0.0,0.0,0.0,未通過,未通過
218,6770,力積電,54.6,0.92,0.18,-11.79,60.59,41.7,0,28.3,-16993795.0,-232000.0,-50733981.0,-3594000.0,False,False,0.0,0.0,0.0,未通過,未通過
219,6789,采鈺,407.0,2.43,10.0,20.45,65.77,70.5,1,6.2,178071.0,-7000.0,-221662.0,-15000.0,False,False,0.0,0.0,0.0,未通過,未通過
220,6805,富世達,1730.0,0.95,-1.98,-5.27,39.58,45.7,2,95.0,211879.0,-344301.0,261880.0,-881937.0,False,False,0.0,0.0,0.0,未通過,未通過
221,6830,汎銓,800.0,0.69,3.9,67.81,5.4,85.5,4,22.9,12000.0,0.0,108100.0,0.0,False,False,0.0,0.0,0.0,未通過,未通過
222,6658,聯策,80.0,0.58,-3.26,17.36,1.33,68.1,0,60.9,-91000.0,0.0,-78000.0,0.0,False,False,0.0,0.0,0.0,未通過,未通過
223,6949,沛爾生醫-創,782.0,1.73,9.99,32.5,4.6,79.2,2,74.5,55379.0,0.0,45757.0,0.0,False,False,0.0,0.0,0.0,未通過,未通過
224,8021,尖點,350.0,1.28,0.29,35.73,98.8,73.9,3,51.4,495849.0,-16000.0,5067450.0,-19440.0,False,False,0.0,0.0,0.0,未通過,未通過
225,8039,台虹,137.0,0.93,2.24,17.29,33.11,69.1,0,10.5,-2368052.0,0.0,3409927.0,-13523.0,False,False,0.0,0.0,0.0,未通過,未通過
226,8028,昇陽半導體,191.5,0.82,-2.54,3.93,23.9,53.2,5,25.6,729507.0,-15000.0,4284667.0,-42000.0,False,False,0.0,0.0,0.0,未通過,未通過
227,8110,華東,49.55,1.1,1.85,-7.02,4.89,42.3,1,11.6,70000.0,-34000.0,-2216400.0,-74000.0,False,False,0.0,0.0,0.0,未通過,未通過
228,8112,至上,82.4,1.03,1.98,2.03,14.59,53.6,0,191.7,-2267000.0,-52059.0,-7653459.0,-51396.0,False,False,0.0,0.0,0.0,未通過,未通過
229,8131,福懋科,62.2,0.89,-1.11,-1.11,2.48,48.3,1,33.8,1127603.0,-17000.0,-457095.0,-36034.0,False,False,0.0,0.0,0.0,未通過,未通過
230,8046,南電,646.0,0.73,-1.37,18.21,96.88,63.6,19,39.0,-318213.0,199000.0,1527107.0,2203000.0,False,False,0.0,0.0,0.0,未通過,未通過
231,8150,南茂,63.0,0.93,0.16,4.99,7.04,57.5,11,23.1,1636399.0,2000.0,2905463.0,25000.0,False,False,0.0,0.0,0.0,未通過,未通過
232,8261,富鼎,111.0,0.93,0.0,6.19,2.7,62.8,2,10.9,709035.0,0.0,801035.0,0.0,False,False,0.0,0.0,0.0,未通過,未通過
233,8271,宇瞻,159.5,1.07,2.24,3.44,15.14,54.4,0,292.7,-2693950.0,-10000.0,-5033653.0,-22664.0,False,False,0.0,0.0,0.0,未通過,未通過
234,8438,昶昕,85.8,0.65,-0.58,22.61,3.06,68.7,0,20.7,-327600.0,-5000.0,314979.0,-9000.0,False,False,0.0,0.0,0.0,未通過,未通過
235,8464,億豐,377.0,1.19,1.89,2.93,3.49,54.8,14,9.1,64714.0,319.0,239040.0,18226.0,False,False,0.0,0.0,0.0,未通過,未通過
236,8996,高力,1115.0,0.99,1.83,25.88,56.38,69.4,5,205.3,831160.0,34000.0,2908967.0,51000.0,False,False,0.0,0.0,0.0,未通過,未通過
237,9904,寶成,28.05,0.85,0.18,-3.0,2.7,37.8,1,-11.1,-6565896.0,263722.0,-16641229.0,53440.0,False,False,0.0,0.0,0.0,未通過,未通過
238,9939,宏全,110.0,1.08,-0.9,-6.92,3.17,32.0,4,-4.0,464304.0,3000.0,-83934.0,5000.0,False,False,0.0,0.0,0.0,未通過,未通過
